uid_case,possible_matches
https://www.namus.gov/UnidentifiedPersons/Case#/72584?nav,['https://www.namus.gov/MissingPersons/Case#/69069?nav']
https://www.namus.gov/UnidentifiedPersons/Case#/16996?nav,['https://www.namus.gov/MissingPersons/Case#/71317?nav']
https://www.namus.gov/UnidentifiedPersons/Case#/52799?nav,"['https://www.namus.gov/MissingPersons/Case#/16169?nav', 'https://www.namus.gov/MissingPersons/Case#/15992?nav']"
https://www.namus.gov/UnidentifiedPersons/Case#/10862?nav,['https://www.namus.gov/MissingPersons/Case#/15993?nav']
https://www.namus.gov/UnidentifiedPersons/Case#/10508?nav,['https://www.namus.gov/MissingPersons/Case#/4755?nav']
https://www.namus.gov/UnidentifiedPersons/Case#/8754?nav,['https://www.namus.gov/MissingPersons/Case#/16873?nav']
https://www.namus.gov/UnidentifiedPersons/Case#/8747?nav,"['https://www.namus.gov/MissingPersons/Case#/15998?nav', 'https://www.namus.gov/MissingPersons/Case#/15993?nav']"
https://www.namus.gov/UnidentifiedPersons/Case#/8699?nav,['https://www.namus.gov/MissingPersons/Case#/15998?nav']
https://www.namus.gov/UnidentifiedPersons/Case#/8644?nav,"['https://www.namus.gov/MissingPersons/Case#/16155?nav', 'https://www.namus.gov/MissingPersons/Case#/15992?nav']"
https://www.namus.gov/UnidentifiedPersons/Case#/10334?nav,['https://www.namus.gov/MissingPersons/Case#/15844?nav']
https://www.namus.gov/UnidentifiedPersons/Case#/9050?nav,['https://www.namus.gov/MissingPersons/Case#/15844?nav']
https://www.namus.gov/UnidentifiedPersons/Case#/6350?nav,"['https://www.namus.gov/MissingPersons/Case#/16283?nav', 'https://www.namus.gov/MissingPersons/Case#/15879?nav']"
https://www.namus.gov/UnidentifiedPersons/Case#/5145?nav,['https://www.namus.gov/MissingPersons/Case#/15892?nav']
https://www.namus.gov/UnidentifiedPersons/Case#/5150?nav,"['https://www.namus.gov/MissingPersons/Case#/15992?nav', 'https://www.namus.gov/MissingPersons/Case#/15879?nav']"
https://www.namus.gov/UnidentifiedPersons/Case#/5463?nav,['https://www.namus.gov/MissingPersons/Case#/3866?nav']
